<?xml version="1.0" encoding="utf-8"?>
<odoo noupdate="1">

    <record id="payment_provider_kashier" model="payment.provider">
        <field name="name">Kashier</field>
        <field name="display_as">Payment Methods (powered by Kashier)</field>
        <field name="image_128" type="base64" file="payment_kashier/static/description/icon.png"/>
        <field name="module_id" ref="base.module_payment_kashier"/>
        <!-- https://intl.kashier.com/ihome/home/about/buy.htm?topic=paymentMethods -->
        <field name="payment_icon_ids"
               eval="[(6, 0, [
                 
                   ref('payment.payment_icon_cc_mastercard'),
                   ref('payment.payment_icon_cc_visa'),
               ])]"/>
        <field name="code">kashier</field>
        <field name="redirect_form_view_id" ref="redirect_form"/>
    </record>

</odoo>
